,UNIQUE_ID,Output
14601,23,N
14602,29,N
14603,52,N
14604,88,N
14605,134,Y
14606,163,N
14607,190,N
14608,197,N
14609,267,N
14610,277,N
14611,282,N
14612,364,N
14613,422,N
14614,455,N
14615,460,N
14616,464,N
14617,472,N
14618,493,N
14619,511,N
14620,536,N
14621,559,N
14622,572,N
14623,629,N
14624,639,N
14625,640,N
14626,692,N
14627,746,N
14628,753,N
14629,824,N
14630,831,N
14631,839,N
14632,921,N
14633,926,N
14634,929,N
14635,948,N
14636,960,N
14637,984,N
14638,1004,N
14639,1018,N
14640,1020,N
14641,1085,N
14642,1101,N
14643,1121,N
14644,1148,N
14645,1238,N
14646,1323,N
14647,1342,N
14648,1352,N
14649,1443,N
14650,1468,N
14651,1498,N
14652,1525,N
14653,1533,N
14654,1645,N
14655,1650,N
14656,1694,N
14657,1700,N
14658,1789,N
14659,1799,N
14660,1822,N
14661,1836,Y
14662,1857,N
14663,1882,Y
14664,1895,N
14665,1927,N
14666,1930,N
14667,2003,N
14668,2073,N
14669,2132,N
14670,2150,N
14671,2152,N
14672,2185,N
14673,2225,N
14674,2242,Y
14675,2267,N
14676,2270,N
14677,2310,N
14678,2312,N
14679,2325,N
14680,2345,N
14681,2432,N
14682,2434,N
14683,2456,N
14684,2461,N
14685,2476,N
14686,2503,N
14687,2529,N
14688,2562,N
14689,2601,N
14690,2611,N
14691,2641,N
14692,2671,N
14693,2681,N
14694,2696,N
14695,2800,N
14696,2805,N
14697,2824,N
14698,2866,N
14699,2871,Y
14700,2880,N
14701,2892,N
14702,2899,N
14703,2932,N
14704,2948,N
14705,2984,N
14706,2987,N
14707,3075,N
14708,3096,N
14709,3172,N
14710,3228,N
14711,3290,N
14712,3291,N
14713,3604,N
14714,3633,N
14715,3655,N
14716,3690,N
14717,3717,N
14718,3777,N
14719,3784,N
14720,3873,N
14721,3921,N
14722,3924,Y
14723,3939,N
14724,4013,N
14725,4077,N
14726,4146,N
14727,4174,N
14728,4198,N
14729,4250,N
14730,4276,N
14731,4348,N
14732,4354,N
14733,4357,N
14734,4418,N
14735,4442,N
14736,4444,N
14737,4528,N
14738,4551,N
14739,4612,N
14740,4627,N
14741,4649,N
14742,4687,N
14743,4723,N
14744,4742,N
14745,4750,N
14746,4784,Y
14747,4817,N
14748,4852,N
14749,4878,N
14750,4909,N
14751,4952,N
14752,4954,N
14753,4961,N
14754,4969,N
14755,5033,N
14756,5098,N
14757,5138,N
14758,5165,N
14759,5213,N
14760,5240,N
14761,5301,N
14762,5302,N
14763,5330,N
14764,5350,N
14765,5357,N
14766,5363,N
14767,5494,N
14768,5553,N
14769,5604,N
14770,5635,N
14771,5640,N
14772,5738,N
14773,5790,N
14774,5899,N
14775,5917,N
14776,5990,N
14777,6014,N
14778,6093,N
14779,6094,N
14780,6144,N
14781,6200,N
14782,6259,N
14783,6330,N
14784,6399,N
14785,6412,N
14786,6523,N
14787,6538,N
14788,6613,N
14789,6627,N
14790,6643,N
14791,6660,N
14792,6689,N
14793,6813,N
14794,6818,N
14795,6849,N
14796,6905,N
14797,6921,N
14798,7108,N
14799,7208,N
14800,7235,N
14801,7293,N
14802,7309,N
14803,7342,N
14804,7349,N
14805,7383,N
14806,7575,N
14807,7576,N
14808,7578,N
14809,7604,N
14810,7673,N
14811,7818,N
14812,7861,Y
14813,7926,N
14814,7950,N
14815,8003,N
14816,8088,N
14817,8152,N
14818,8173,N
14819,8232,N
14820,8285,N
14821,8316,N
14822,8367,N
14823,8384,N
14824,8499,Y
14825,8528,N
14826,8532,Y
14827,8550,N
14828,8563,N
14829,8568,N
14830,8575,N
14831,8614,N
14832,8698,N
14833,8712,N
14834,8791,N
14835,8854,N
14836,8856,N
14837,8949,N
14838,9100,N
14839,9186,N
14840,9192,N
14841,9229,N
14842,9260,Y
14843,9282,N
14844,9287,N
14845,9307,N
14846,9408,N
14847,9443,N
14848,9573,N
14849,9619,Y
14850,9802,N
14851,9870,N
14852,10109,N
14853,10160,N
14854,10203,N
14855,10298,N
14856,10490,N
14857,10531,N
14858,10536,N
14859,10624,N
14860,10725,N
14861,10761,N
14862,10766,N
14863,10857,N
14864,10932,N
14865,10940,N
14866,11244,N
14867,11308,N
14868,11342,N
14869,11365,N
14870,11368,N
14871,11392,N
14872,11420,N
14873,11428,N
14874,11505,N
14875,11544,N
14876,11748,N
14877,11764,N
14878,11791,N
14879,11980,N
14880,12002,N
14881,12064,N
14882,12108,N
14883,12407,N
14884,12411,N
14885,12520,N
14886,12617,N
14887,12644,N
14888,12721,N
14889,12792,N
14890,12815,N
14891,12816,N
14892,12885,N
14893,12938,N
14894,12955,N
14895,12989,N
14896,13080,N
14897,13100,N
14898,13117,N
14899,13177,N
14900,13262,N
14901,13418,N
14902,13454,N
14903,13491,N
14904,13534,N
14905,13638,N
14906,13663,N
14907,13686,N
14908,13689,N
14909,13723,N
14910,13835,N
14911,13933,N
14912,14085,N
14913,14288,N
14914,14379,N
14915,14471,N
14916,14491,N
14917,14575,N
14918,14802,N
14919,14825,N
14920,15028,N
14921,15092,N
14922,15096,N
14923,15135,N
14924,15184,N
14925,15306,N
14926,15324,N
14927,15330,N
14928,15421,N
14929,15430,N
14930,15441,N
14931,15454,N
14932,15476,N
14933,15497,N
14934,15584,N
14935,15762,N
14936,15882,N
14937,16051,N
14938,16167,N
14939,16190,N
14940,16293,N
14941,16314,N
14942,16395,Y
14943,16470,N
14944,16480,N
14945,16657,N
14946,16669,N
14947,16670,N
14948,16708,N
14949,16850,N
14950,16881,N
14951,16900,N
14952,17078,N
14953,17144,N
14954,17290,N
14955,17386,N
14956,17467,N
14957,17644,N
14958,17751,N
14959,17844,N
14960,17912,N
14961,17914,N
14962,17951,N
14963,18064,N
14964,18613,N
14965,18636,N
14966,18723,N
14967,18753,N
14968,18758,N
14969,18761,N
14970,18993,N
14971,19045,N
14972,19174,N
14973,19196,N
14974,19210,N
14975,19321,N
14976,19350,N
14977,19431,N
14978,19484,N
14979,19485,N
14980,19518,N
14981,19538,N
14982,19581,Y
14983,19602,N
14984,19735,N
14985,19747,N
14986,19800,N
14987,19943,N
14988,19959,N
14989,20039,N
14990,20047,N
14991,20051,N
14992,20138,N
14993,20149,N
14994,20199,N
14995,20262,N
14996,20589,N
14997,20708,N
14998,20807,N
14999,20973,N
15000,21043,N
15001,21076,N
15002,21093,N
15003,21094,N
15004,21118,N
15005,21232,N
15006,21280,N
15007,21293,Y
15008,21352,N
15009,21491,N
15010,21554,N
15011,21642,N
15012,21644,N
15013,21760,N
15014,21867,N
15015,21958,N
15016,22046,N
15017,22173,N
15018,22209,N
15019,22223,N
15020,22261,N
15021,22610,N
15022,22638,N
15023,22703,N
15024,22970,N
15025,23003,N
15026,23051,N
15027,23302,N
15028,23449,N
15029,23775,N
15030,23827,N
15031,24064,N
15032,24197,N
15033,24260,N
15034,24436,N
15035,24438,N
15036,24522,N
15037,24677,N
15038,24684,N
15039,25091,Y
15040,25123,N
15041,25195,N
15042,25197,N
15043,25284,N
15044,25355,N
15045,25426,N
15046,25468,N
15047,25790,N
15048,25945,N
15049,25971,N
15050,25999,N
15051,26005,N
15052,26208,N
15053,26248,Y
15054,26428,N
15055,26442,N
15056,26675,N
15057,27088,N
15058,27157,N
15059,27380,N
15060,27409,N
15061,27649,N
15062,27772,N
15063,27800,N
15064,27868,N
15065,28026,N
15066,28079,N
15067,28255,N
15068,28282,N
15069,28578,N
15070,28763,N
15071,28764,N
15072,28907,N
15073,29136,N
15074,29318,N
15075,29782,N
15076,30052,N
15077,30082,N
15078,30150,N
15079,30282,N
15080,30288,N
15081,30318,Y
15082,30392,N
15083,30415,N
15084,30421,N
15085,30608,N
15086,30653,N
15087,30764,N
15088,31081,N
15089,31117,N
15090,31142,N
15091,31222,N
15092,31239,N
15093,31266,N
15094,31274,N
15095,31416,Y
15096,31643,N
15097,31792,N
15098,31982,N
15099,32005,N
15100,32088,N
15101,32250,N
15102,32345,N
15103,32482,N
15104,32556,N
15105,32589,N
15106,32822,N
15107,32972,N
15108,33037,N
15109,33303,N
15110,33462,N
15111,33679,N
15112,33739,N
15113,33992,N
15114,34054,N
15115,34173,N
15116,34258,N
15117,34355,N
15118,34658,N
15119,34770,N
15120,35195,N
15121,35359,N
15122,35440,N
15123,35469,N
15124,35593,N
15125,35766,N
15126,35878,N
15127,36050,N
15128,36069,N
15129,36243,N
15130,36393,N
15131,36471,N
15132,36681,N
15133,36735,N
15134,36746,N
15135,36918,N
15136,37009,N
15137,37041,N
15138,37144,Y
15139,37226,N
15140,37242,N
15141,37427,N
15142,37874,N
15143,38063,N
15144,38198,N
15145,38542,N
15146,38543,N
15147,38754,N
15148,38877,N
15149,38971,N
15150,39164,N
15151,39174,N
15152,39281,N
15153,39354,N
15154,39370,N
15155,39473,N
15156,39570,N
15157,39721,N
15158,39845,N
15159,39931,N
15160,39937,N
15161,40017,N
15162,40321,N
15163,40508,N
15164,40514,N
15165,40588,N
15166,40706,N
15167,40994,N
15168,41057,N
15169,41222,N
15170,41363,N
15171,41380,N
15172,41659,N
15173,41676,Y
15174,41783,N
15175,41834,N
15176,42159,N
15177,42353,N
15178,42361,N
15179,42900,N
15180,43056,N
15181,43208,N
15182,43444,N
15183,43737,N
15184,43744,N
15185,44256,Y
15186,44312,N
15187,44493,N
15188,44506,N
15189,44566,N
15190,44651,N
15191,44693,N
15192,44776,N
15193,44954,N
15194,45182,N
15195,45360,N
15196,45388,N
15197,45770,N
15198,45940,N
15199,46000,N
15200,46200,N
15201,46268,N
15202,46336,N
15203,46495,N
15204,46588,N
15205,46603,N
15206,46718,N
15207,47293,N
15208,47424,N
15209,47892,N
15210,47908,N
15211,48102,Y
15212,48156,N
15213,48192,N
15214,48315,N
15215,48322,N
15216,48474,N
15217,48475,N
15218,48547,N
15219,48726,N
15220,49000,N
15221,49099,N
15222,49307,N
15223,49421,Y
15224,49423,N
15225,49489,N
15226,49576,N
15227,49846,N
15228,49989,N
15229,50011,N
15230,50196,N
15231,50360,N
15232,50725,N
15233,50877,N
15234,51261,N
15235,51275,N
15236,51342,N
15237,51380,N
15238,51518,N
15239,51980,N
15240,52074,N
15241,52174,N
15242,52220,N
15243,52300,N
15244,52474,N
15245,52478,N
15246,52500,N
15247,52553,N
15248,52589,N
15249,52703,N
15250,52785,N
15251,52820,N
15252,52843,Y
15253,52852,N
15254,52916,N
15255,52923,N
15256,52969,N
15257,52974,N
15258,53034,N
15259,53230,N
15260,53462,Y
15261,53485,Y
15262,53508,N
15263,53571,N
15264,53669,N
15265,53806,Y
15266,53850,N
15267,53920,Y
15268,53922,N
15269,53950,N
15270,54048,N
15271,54083,N
15272,54227,N
15273,54286,N
15274,54304,N
15275,54313,N
15276,54374,N
15277,54384,N
15278,54419,N
15279,54421,N
15280,54436,N
15281,54444,N
15282,54455,N
15283,54582,Y
15284,54625,Y
15285,54726,N
15286,54792,N
15287,54959,N
15288,55002,N
15289,55057,N
15290,55095,N
15291,55183,N
15292,55309,Y
15293,55343,N
15294,55374,N
15295,55405,N
15296,55415,N
15297,55685,Y
15298,55832,N
15299,55895,N
15300,55928,N
15301,55989,N
15302,56034,N
15303,56119,N
15304,56270,N
15305,56313,N
15306,56317,N
15307,56468,N
15308,56475,N
15309,56520,N
15310,56545,N
15311,56556,N
15312,56569,N
15313,56592,N
15314,56736,N
15315,56770,N
15316,56787,N
15317,56856,N
15318,56882,N
15319,56976,N
15320,56997,N
15321,57024,N
15322,57071,N
15323,57150,N
15324,57160,N
15325,57204,N
15326,57246,N
15327,57263,N
15328,57337,N
15329,57418,N
15330,57422,N
15331,57438,N
15332,57488,N
15333,57509,N
15334,57511,Y
15335,57541,N
15336,57578,N
15337,57624,N
15338,57711,N
15339,57729,N
15340,57745,N
15341,57753,N
15342,57818,N
15343,57953,Y
15344,57972,N
15345,58001,N
15346,58011,N
15347,58085,N
15348,58117,N
15349,58216,N
15350,58284,N
15351,58308,N
15352,58431,N
15353,58475,N
15354,58502,N
15355,58667,N
15356,58745,N
15357,58768,N
15358,58769,N
15359,58784,N
15360,58832,N
15361,59045,N
15362,59093,N
15363,59131,N
15364,59175,N
15365,59183,N
15366,59253,N
15367,59266,N
15368,59305,N
15369,59310,N
15370,59316,N
15371,59433,N
15372,59484,N
15373,59523,N
15374,59580,N
15375,59615,N
15376,59639,N
15377,59723,N
15378,59730,N
15379,59751,N
15380,59790,N
15381,59821,N
15382,59867,N
15383,59922,N
15384,59979,N
15385,60041,N
15386,60081,N
15387,60097,N
15388,60101,N
15389,60193,N
15390,60231,N
15391,60239,N
15392,60257,N
15393,60283,N
15394,60295,N
15395,60324,N
15396,60325,N
15397,60331,N
15398,60347,N
15399,60373,N
15400,60403,N
15401,60424,N
15402,60455,N
15403,60459,N
15404,60461,N
15405,60520,Y
15406,60549,N
15407,60550,N
15408,60714,N
15409,60725,N
15410,60834,N
15411,60850,N
15412,60968,N
15413,61011,N
15414,61059,N
15415,61177,N
15416,61182,N
15417,61214,N
15418,61271,N
15419,61283,N
15420,61361,N
15421,61427,N
15422,61451,N
15423,61515,N
15424,61561,N
15425,61563,N
15426,61681,N
15427,61725,N
15428,61822,N
15429,61862,N
15430,61889,N
15431,61973,N
15432,61990,N
15433,61996,N
15434,62002,N
15435,62018,N
15436,62019,N
15437,62024,N
15438,62088,N
15439,62100,N
15440,62156,N
15441,62163,Y
15442,62173,N
15443,62191,N
15444,62215,N
15445,62228,N
15446,62268,N
15447,62281,N
15448,62337,N
15449,62407,N
15450,62434,N
15451,62481,N
15452,62544,N
15453,62588,N
15454,62648,Y
15455,62659,N
15456,62706,N
15457,62707,N
15458,62711,Y
15459,62757,N
15460,62834,N
15461,62879,N
15462,63066,N
15463,63077,N
15464,63081,N
15465,63145,N
15466,63154,N
15467,63165,N
15468,63169,N
15469,63170,N
15470,63183,N
15471,63225,N
15472,63253,N
15473,63256,N
15474,63395,N
15475,63504,N
15476,63517,N
15477,63557,N
15478,63572,N
15479,63591,N
15480,63601,N
15481,63635,N
15482,63700,N
15483,63733,N
15484,63746,N
15485,63747,N
15486,63768,N
15487,63774,N
15488,63779,N
15489,63798,N
15490,63808,N
15491,63813,Y
15492,63817,N
15493,63823,N
15494,63844,N
15495,63917,N
15496,63943,N
15497,63981,N
15498,64006,N
15499,64009,N
15500,64018,N
15501,64031,N
15502,64043,N
15503,64065,N
15504,64080,N
15505,64097,N
15506,64104,N
15507,64134,N
15508,64255,Y
15509,64287,N
15510,64365,N
15511,64402,N
15512,64500,Y
15513,64511,N
15514,64549,N
15515,64605,N
15516,64614,N
15517,64625,N
15518,64627,N
15519,64699,Y
15520,64709,N
15521,64777,N
15522,64793,N
15523,64798,N
15524,64811,N
15525,64818,N
15526,64852,N
15527,64876,N
15528,64877,N
15529,64878,N
15530,64953,N
15531,65015,N
15532,65036,N
15533,65065,N
15534,65103,N
15535,65123,N
15536,65133,N
15537,65142,N
15538,65143,N
15539,65193,N
15540,65215,N
15541,65228,N
15542,65245,N
15543,65321,N
15544,65334,N
15545,65359,N
15546,65374,N
15547,65382,N
15548,65464,N
15549,65473,N
15550,65475,N
15551,65489,N
15552,65490,N
15553,65491,N
15554,65504,N
15555,65517,N
15556,65534,N
15557,65597,N
15558,65646,N
15559,65720,N
15560,65737,N
15561,65749,N
15562,65755,N
15563,65762,N
15564,65829,N
15565,65841,N
15566,65867,N
15567,65912,N
15568,65918,N
15569,65929,N
15570,65935,N
15571,65951,N
15572,65992,N
15573,66011,N
15574,66013,N
15575,66027,N
15576,66080,N
15577,66111,N
15578,66147,N
15579,66166,N
15580,66195,N
15581,66227,N
15582,66328,N
15583,66434,N
15584,66494,N
15585,66536,N
15586,66558,Y
15587,66603,N
15588,66634,N
15589,66653,N
15590,66657,N
15591,66661,N
15592,66698,N
15593,66711,N
15594,66717,N
15595,66733,N
15596,66747,N
15597,66759,N
15598,66769,N
15599,66796,N
15600,66810,N
15601,66812,N
15602,66824,N
15603,66848,N
15604,66901,N
15605,66948,N
15606,66967,N
15607,66987,N
15608,67098,N
15609,67267,N
15610,67303,N
15611,67305,N
15612,67335,N
15613,67401,N
15614,67412,N
15615,67476,N
15616,67492,N
15617,67494,N
15618,67553,N
15619,67578,N
15620,67613,N
15621,67614,N
15622,67715,N
15623,67717,N
15624,67724,N
15625,67732,N
15626,67821,N
15627,67853,N
15628,67912,N
15629,67922,N
15630,67946,N
15631,67951,N
15632,67957,N
15633,67961,N
15634,68028,N
15635,68050,N
15636,68051,N
15637,68114,N
15638,68169,N
15639,68201,N
15640,68227,N
15641,68228,N
15642,68240,N
15643,68285,N
15644,68319,N
15645,68353,N
15646,68383,N
15647,68400,N
15648,68435,N
15649,68465,N
15650,68475,N
15651,68500,N
15652,68508,N
15653,68532,N
15654,68533,N
15655,68543,N
15656,68665,N
15657,68671,N
15658,68682,N
15659,68722,N
15660,68738,N
15661,68761,N
15662,68804,N
15663,68820,N
15664,68822,N
15665,68830,N
15666,68841,N
15667,68859,N
15668,68886,N
15669,68889,N
15670,68891,N
15671,68898,N
15672,68917,N
15673,68964,N
15674,68977,N
15675,68987,N
15676,68998,N
15677,69005,N
15678,69023,Y
15679,69035,N
15680,69047,N
15681,69105,Y
15682,69112,N
15683,69113,N
15684,69130,N
15685,69135,Y
15686,69140,N
15687,69143,N
15688,69152,N
15689,69153,N
15690,69156,N
15691,69195,N
15692,69204,N
15693,69215,N
15694,69229,N
15695,69275,N
15696,69286,N
15697,69297,N
15698,69305,N
15699,69311,N
15700,69317,N
15701,69342,N
15702,69399,N
15703,69401,N
15704,69422,N
15705,69425,N
15706,69433,Y
15707,69440,N
15708,69491,N
15709,69510,N
15710,69531,N
15711,69544,N
15712,69565,Y
15713,69570,N
15714,69645,N
15715,69659,N
15716,69678,N
15717,69691,N
15718,69742,N
15719,69744,N
15720,69771,Y
15721,69774,N
15722,69791,N
15723,69796,N
15724,69815,N
15725,69823,N
15726,69838,N
15727,69843,N
15728,69848,N
15729,69884,N
15730,69906,N
15731,69976,N
15732,70052,Y
15733,70119,N
15734,70131,Y
15735,70136,N
15736,70137,N
15737,70179,N
15738,70225,N
15739,70239,N
15740,70285,N
15741,70297,N
15742,70339,N
15743,70342,N
15744,70357,Y
15745,70362,N
15746,70395,N
15747,70427,N
15748,70451,Y
15749,70515,N
15750,70541,N
15751,70617,N
15752,70652,N
15753,70676,N
15754,70684,N
15755,70723,N
15756,70740,N
15757,70742,N
15758,70795,N
15759,70797,N
15760,70811,N
15761,70822,N
15762,70831,N
15763,70927,N
15764,70967,N
15765,70993,N
15766,71017,N
15767,71026,N
15768,71027,N
15769,71029,N
15770,71310,N
15771,71321,N
15772,71360,N
15773,71404,N
15774,71451,N
15775,71470,N
15776,71486,N
15777,71556,N
15778,71565,N
15779,71582,Y
15780,71594,N
15781,71608,N
15782,71622,N
15783,71636,N
15784,71677,N
15785,71727,N
15786,71767,N
15787,71793,Y
15788,71796,N
15789,71806,N
15790,71808,N
15791,71880,N
15792,71899,N
15793,71908,N
15794,72119,N
15795,72124,N
15796,72134,N
15797,72158,N
15798,72159,N
15799,72192,N
15800,72197,N
15801,72233,Y
15802,72297,N
15803,72328,N
15804,72371,N
15805,72374,N
15806,72392,N
15807,72412,N
15808,72429,N
15809,72440,N
15810,72457,N
15811,72474,N
15812,72482,N
15813,72549,N
15814,72628,N
15815,72649,N
15816,72656,Y
15817,72679,N
15818,72691,N
15819,72736,N
15820,72739,N
15821,72789,N
15822,72811,N
15823,72825,N
15824,72831,N
15825,72865,N
15826,73009,N
15827,73041,N
15828,73106,N
15829,73126,N
15830,73153,N
15831,73230,N
15832,73270,N
15833,73282,N
15834,73298,N
15835,73304,N
15836,73309,Y
15837,73341,N
15838,73360,N
15839,73366,N
15840,73393,N
15841,73410,N
15842,73419,N
15843,73471,N
15844,73507,N
15845,73562,N
15846,73586,N
15847,73587,N
15848,73591,N
15849,73598,N
15850,73638,N
15851,73647,N
15852,73671,N
15853,159400001,N
15854,310000241,N
15855,310000421,N
15856,310000562,N
15857,310001521,N
15858,310001801,N
15859,310002941,N
15860,310003081,N
15861,310003121,N
15862,310003421,N
15863,310003721,N
15864,310004084,N
15865,310004142,N
15866,310004801,N
15867,310005721,N
15868,310005782,Y
15869,310005841,N
15870,310006761,N
15871,310006821,N
15872,310006962,N
15873,310007181,N
15874,310007401,Y
15875,310007881,N
15876,310008261,N
15877,310008441,N
15878,310008761,N
15879,310009101,N
15880,310009421,N
15881,310009781,N
15882,310009861,N
15883,310010561,N
15884,310012524,N
15885,310012784,N
15886,310013144,N
15887,310013206,N
15888,310013384,N
15889,310013524,N
15890,310013604,N
15891,310013784,N
15892,310013805,N
15893,310013844,N
15894,310013904,N
15895,310013944,N
15896,310016184,N
15897,310016704,N
15898,310016784,N
15899,310017204,N
15900,310017404,N
15901,310017446,N
15902,310018244,N
15903,310018804,N
15904,310019045,N
15905,310019104,N
15906,310019565,N
15907,310019724,N
15908,310020024,N
15909,310021484,N
15910,310021944,Y
15911,310022624,N
15912,310023245,N
15913,310023524,N
15914,310023725,N
15915,310024384,N
15916,310024564,N
15917,310024664,N
15918,310024744,N
15919,310025644,N
15920,310025904,N
15921,310026604,Y
15922,310027064,N
15923,310027124,N
15924,310027424,Y
15925,310027506,N
15926,310027844,N
15927,310027924,N
15928,310028924,N
15929,310028964,N
15930,310029444,N
15931,310029624,N
15932,310030024,Y
15933,310030084,N
15934,310030264,N
15935,310030465,N
15936,310031284,N
15937,310031945,N
15938,310032064,N
15939,310032124,N
15940,310033444,N
15941,310033704,N
15942,310033866,N
15943,310034004,N
15944,310034464,N
15945,310034585,N
15946,310034604,N
15947,310035804,N
15948,310035844,N
15949,310035924,N
15950,310035944,N
15951,310037424,N
15952,310037825,N
15953,310038024,N
15954,310038324,N
15955,310039085,N
15956,310039626,N
15957,310041424,N
15958,310041485,N
15959,310041525,N
15960,310041704,N
15961,310042224,N
15962,310042524,N
15963,310042564,N
15964,310043104,N
15965,310043124,N
15966,310043924,N
15967,310044544,N
15968,310046584,N
15969,310047024,N
15970,310047467,N
15971,310047524,N
15972,310047744,N
15973,310048544,N
15974,310048985,N
15975,310049404,N
15976,310050565,N
15977,310050644,Y
15978,310050865,N
15979,310052045,N
15980,310052204,Y
15981,310052264,N
15982,310053724,N
15983,310054045,N
15984,310054644,N
15985,310054664,N
15986,310055245,N
15987,310055284,N
15988,310055344,N
15989,310055665,N
15990,310056704,N
15991,310056984,N
15992,310057024,N
15993,310057444,N
15994,310057844,N
15995,310057904,N
15996,310057944,N
15997,310058544,Y
15998,310058545,N
15999,310059004,N
16000,310059024,N
16001,310059504,N
16002,310059784,N
16003,310059804,N
16004,310060044,N
16005,310060264,N
16006,310060365,N
16007,310060764,N
16008,310061825,N
16009,310062685,N
16010,310063105,N
16011,310063445,N
16012,310063585,N
16013,310065725,Y
16014,310065805,N
16015,310066125,N
16016,310066525,N
16017,310067185,N
16018,310067725,N
16019,310068065,N
16020,310070005,N
16021,310071145,N
16022,310071785,N
16023,310071805,N
16024,310071945,N
16025,310072868,N
16026,310073105,N
16027,310073505,Y
16028,310073565,N
16029,310074005,N
16030,310074885,N
16031,310076125,N
16032,310076845,N
16033,310077165,N
16034,310077245,N
16035,310077505,N
16036,310079405,N
16037,310082285,N
16038,310082845,N
16039,310083125,N
16040,310083885,N
16041,310084905,N
16042,310084985,N
16043,310085385,N
16044,310085605,N
16045,310086065,N
16046,310086345,Y
16047,310086626,Y
16048,310087026,N
16049,310087185,N
16050,310087645,Y
16051,310088085,N
16052,310088625,N
16053,310089066,N
16054,310089125,N
16055,310089486,N
16056,310090245,N
16057,310091765,N
16058,310092206,N
16059,310092465,N
16060,310092605,Y
16061,310093065,N
16062,310093345,N
16063,310093545,N
16064,310093745,N
16065,310094285,N
16066,310095066,N
16067,310095125,N
16068,310095566,N
16069,310096165,N
16070,310096305,N
16071,310096325,N
16072,310096786,N
16073,310096885,N
16074,310097286,N
16075,310098165,N
16076,310099385,N
16077,310099505,N
16078,310099546,N
16079,310099885,N
16080,310100365,N
16081,310100905,Y
16082,310100925,N
16083,310102446,N
16084,310102845,N
16085,310102966,N
16086,310103105,N
16087,310103265,N
16088,310103925,N
16089,310104605,N
16090,310105205,N
16091,310106465,N
16092,310107485,N
16093,310107967,N
16094,310108785,Y
16095,310108945,Y
16096,310110025,N
16097,310110805,Y
16098,310111546,N
16099,310111845,N
16100,310113505,N
16101,310113925,N
16102,310114525,N
16103,310115965,N
16104,310116385,N
16105,310116505,N
16106,310116685,N
16107,310117347,N
16108,310117585,N
16109,310118786,N
16110,310119186,N
16111,310119285,N
16112,310119425,N
16113,310119685,N
16114,310120065,N
16115,310120465,Y
16116,310121025,N
16117,310121145,N
16118,310121365,N
16119,310122165,N
16120,310122185,N
16121,310122545,N
16122,310123345,N
16123,310123925,N
16124,310124165,N
16125,310124626,N
16126,310124765,N
16127,310124945,N
16128,310124985,Y
16129,310125405,N
16130,310125525,N
16131,310125765,N
16132,310125985,N
16133,310126005,N
16134,310127045,N
16135,310127868,N
16136,310127925,N
16137,310128365,N
16138,310128565,N
16139,310128585,N
16140,310130106,N
16141,310130385,N
16142,310130586,N
16143,310131365,N
16144,310131465,N
16145,310132065,N
16146,310133065,N
16147,310133786,N
16148,310134105,N
16149,310134205,N
16150,310135045,N
16151,310135285,N
16152,310135848,N
16153,310136165,N
16154,310136265,N
16155,310136266,N
16156,310136925,N
16157,310137646,Y
16158,310138065,N
16159,310138946,Y
16160,310139466,N
16161,310140065,N
16162,310140925,N
16163,310141625,N
16164,310142006,N
16165,310142008,Y
16166,310142245,N
16167,310142686,N
16168,310144265,N
16169,310144365,N
16170,310144425,N
16171,310146427,N
16172,310146565,N
16173,310147485,N
16174,310147585,N
16175,310148026,N
16176,310148045,N
16177,310148805,N
16178,310148885,N
16179,310150225,N
16180,310150646,N
16181,310150665,N
16182,310150785,N
16183,310150905,N
16184,310150925,N
16185,310151525,N
16186,310151805,N
16187,310151885,N
16188,310152025,N
16189,310152646,N
16190,310152766,N
16191,310153145,N
16192,310153285,N
16193,310153325,N
16194,310153385,N
16195,310153565,N
16196,310153605,N
16197,310153705,N
16198,310153768,N
16199,310153865,N
16200,310153965,N
16201,310154206,N
16202,310154225,N
16203,310154367,N
16204,310154446,N
16205,310154447,N
16206,310154645,N
16207,310154905,N
16208,310155665,N
16209,310155845,N
16210,310156266,N
16211,310156526,N
16212,310156727,N
16213,310156966,N
16214,310157228,N
16215,310157445,N
16216,310157585,N
16217,310157666,N
16218,310157667,N
16219,310157845,N
16220,310158185,N
16221,310158866,N
16222,310158887,N
16223,310159125,N
16224,310159365,N
16225,310159705,N
16226,310160225,N
16227,310160385,N
16228,310160426,N
16229,310160427,N
16230,310160565,N
16231,310160767,N
16232,310161045,N
16233,310161265,N
16234,310161285,N
16235,310161327,N
16236,310161786,N
16237,310162126,N
16238,310162205,Y
16239,310162305,N
16240,310162407,N
16241,310162486,N
16242,310162527,N
16243,310162545,N
16244,310162546,N
16245,310162609,N
16246,310162747,N
16247,310162985,N
16248,310163105,N
16249,310163665,N
16250,310163686,N
16251,310163765,N
16252,310164065,Y
16253,310164406,N
16254,310164565,N
16255,310164785,N
16256,310164825,N
16257,310164845,N
16258,310165369,N
16259,310165485,N
16260,310165786,N
16261,310166465,N
16262,310166526,N
16263,310166825,N
16264,310166865,N
16265,310166946,N
16266,310167185,N
16267,310167265,N
16268,310167406,N
16269,310167505,N
16270,310167585,N
16271,310167785,N
16272,310168285,N
16273,310168787,N
16274,310169027,N
16275,310169045,N
16276,310169106,Y
16277,310169206,N
16278,310169348,Y
16279,310169385,N
16280,310169386,N
16281,310169425,N
16282,310169986,N
16283,310170005,N
16284,310170146,N
16285,310170305,N
16286,310171125,N
16287,310171305,N
16288,310171465,N
16289,310171888,N
16290,310172629,N
16291,310172825,N
16292,310172885,N
16293,310173726,N
16294,310174028,N
16295,310174285,N
16296,310174705,N
16297,310174887,N
16298,310175187,N
16299,310176107,N
16300,310176747,N
16301,310176867,N
16302,310177587,N
16303,310177747,N
16304,310177748,N
16305,310177927,Y
16306,310178227,N
16307,310178347,N
16308,310178447,N
16309,310178848,N
16310,310179048,Y
16311,310179049,N
16312,310179087,N
16313,310179127,Y
16314,310179648,N
16315,310180708,N
16316,310181107,N
16317,310181368,N
16318,310181489,Y
16319,310181490,N
16320,310181567,N
16321,310182227,N
16322,310182367,N
16323,310182828,N
16324,310182987,Y
16325,310183147,N
16326,310183289,Y
16327,310183507,Y
16328,310183647,N
16329,310183727,N
16330,310183867,N
16331,310184448,N
16332,310185327,N
16333,310185427,N
16334,310185488,Y
16335,310185587,N
16336,310185968,N
16337,310186147,Y
16338,310186387,N
16339,310186587,N
16340,310186588,N
16341,310187027,N
16342,310187307,Y
16343,310187387,N
16344,310187427,N
16345,310187528,N
16346,310187587,N
16347,310187827,N
16348,310187850,N
16349,310188270,N
16350,310188287,N
16351,310189188,N
16352,310190210,N
16353,310190227,N
16354,310190229,N
16355,310191067,N
16356,310191147,N
16357,310191307,N
16358,310191407,N
16359,310191467,N
16360,310191487,N
16361,310191727,N
16362,310192508,N
16363,310192929,N
16364,310193009,N
16365,310193848,N
16366,310194071,Y
16367,310194109,N
16368,310194249,N
16369,310194307,N
16370,310194487,N
16371,310194689,N
16372,310194988,N
16373,310195128,N
16374,310195247,N
16375,310195447,N
16376,310195667,N
16377,310195748,N
16378,310196332,N
16379,310196709,N
16380,310196807,N
16381,310196947,N
16382,310197048,N
16383,310197147,N
16384,310197267,N
16385,310197327,N
16386,310197448,N
16387,310197547,N
16388,310197647,N
16389,310197827,N
16390,310197867,N
16391,310197927,N
16392,310198107,N
16393,310198468,N
16394,310198767,N
16395,310199007,N
16396,310199129,N
16397,310199207,N
16398,310199369,N
16399,310199430,N
16400,310199487,N
16401,310199607,N
16402,310200407,N
16403,310200667,N
16404,310200807,N
16405,310200889,N
16406,310200968,N
16407,310201548,N
16408,310201687,N
16409,310201767,N
16410,310202227,N
16411,310202407,N
16412,310202487,N
16413,310202827,N
16414,310202868,N
16415,310202947,N
16416,310203027,N
16417,310203207,N
16418,310203527,N
16419,310203567,N
16420,310203887,N
16421,310204007,N
16422,310204047,N
16423,310204647,Y
16424,310205508,N
16425,310205747,N
16426,310205907,N
16427,310206010,N
16428,310206207,N
16429,310206347,N
16430,310206388,N
16431,310206529,N
16432,310206567,N
16433,310206768,N
16434,310206807,N
16435,310206808,N
16436,310206829,N
16437,310207129,N
16438,310207188,N
16439,310207268,N
16440,310207307,N
16441,310207427,N
16442,310207447,N
16443,310207808,N
16444,310207927,N
16445,310208067,N
16446,310208207,N
16447,310208448,N
16448,310208627,N
16449,310208687,N
16450,310209147,N
16451,310209609,N
16452,310209648,N
16453,310209687,N
16454,310209987,N
16455,310210007,N
16456,310210127,N
16457,310210207,N
16458,310210588,N
16459,310210687,N
16460,310211207,Y
16461,310211248,N
16462,310211327,N
16463,310211367,N
16464,310211467,N
16465,310211487,N
16466,310211687,N
16467,310211767,N
16468,310211867,N
16469,310211928,N
16470,310212348,N
16471,310212468,N
16472,310212550,N
16473,310212551,N
16474,310212648,N
16475,310212807,N
16476,310213367,N
16477,310213574,N
16478,310213927,N
16479,310214828,N
16480,310214847,N
16481,310215047,N
16482,310216048,N
16483,310216367,N
16484,310216987,N
16485,310217088,N
16486,310217667,N
16487,310217769,N
16488,310218309,N
16489,310218387,N
16490,310218827,N
16491,310219147,N
16492,310219227,N
16493,310219448,N
16494,310219611,N
16495,310219647,N
16496,310219667,N
16497,310219709,N
16498,310220208,N
16499,310220468,N
16500,310220507,N
16501,310220667,N
16502,310220908,N
16503,310221007,N
16504,310221649,N
16505,310221667,N
16506,310221787,Y
16507,310221887,N
16508,310221987,N
16509,310222008,N
16510,310222227,Y
16511,310222267,N
16512,310222827,N
16513,310222867,N
16514,310223027,N
16515,310223128,N
16516,310223747,N
16517,310223869,N
16518,310223927,N
16519,310224007,Y
16520,310224047,N
16521,310224189,N
16522,310224367,N
16523,310224408,N
16524,310224609,N
16525,310224948,N
16526,310226208,N
16527,310226747,N
16528,310226767,N
16529,310227507,N
16530,310228227,N
16531,310228248,N
16532,310228349,N
16533,310228367,N
16534,310228447,N
16535,310228487,N
16536,310228608,N
16537,310228727,N
16538,310228989,N
16539,310229168,N
16540,310229387,N
16541,310229708,N
16542,310229828,N
16543,310230427,N
16544,310230587,N
16545,310231167,N
16546,310231407,N
16547,310231449,N
16548,310231547,N
16549,310231588,N
16550,310231648,N
16551,310231708,N
16552,310231748,N
16553,310231827,N
16554,310231867,N
16555,310232127,N
16556,310232387,N
16557,310232648,N
16558,310232688,N
16559,310232848,N
16560,310232907,N
16561,310233087,N
16562,310233188,N
16563,310233248,N
16564,310233249,N
16565,310233407,N
16566,310233707,N
16567,310233729,N
16568,310233948,N
16569,310234047,N
16570,310234487,N
16571,310234608,N
16572,310234847,Y
16573,310235247,N
16574,310235307,N
16575,310235728,N
16576,310235747,N
16577,310235787,N
16578,310236107,N
16579,310236207,N
16580,310236607,N
16581,310236888,N
16582,310237590,N
16583,310237693,N
16584,310237747,N
16585,310237807,N
16586,310237849,N
16587,310238047,Y
16588,310238487,N
16589,310238491,N
16590,310238728,Y
16591,310239187,N
16592,310239247,N
16593,310239288,N
16594,310239329,N
16595,310239567,N
16596,310239587,N
16597,310239787,N
16598,310240007,N
16599,310240107,N
16600,310240608,N
16601,310240668,N
16602,310240967,N
16603,310241007,N
16604,310241068,N
16605,310241189,N
16606,310241573,N
16607,310241628,N
16608,310241650,N
16609,310241747,N
16610,310241987,N
16611,310242189,N
16612,310242488,N
16613,310242947,N
16614,310242987,Y
16615,310243167,N
16616,310243268,Y
16617,310243527,N
16618,310243807,N
16619,310244167,N
16620,310244469,N
16621,310244567,N
16622,310244627,N
16623,310244688,N
16624,310245148,N
16625,310245447,N
16626,310245727,N
16627,310245748,N
16628,310246089,N
16629,310246307,N
16630,310246387,N
16631,310246687,N
16632,310247047,N
16633,310247247,N
16634,310247368,N
16635,310247369,N
16636,310247787,N
16637,310248027,N
16638,310248071,N
16639,310248347,Y
16640,310248847,N
16641,310249007,N
16642,310249529,Y
16643,310249890,N
16644,310249947,N
16645,310250128,N
16646,310250349,N
16647,310250727,N
16648,310250787,N
16649,310250827,Y
16650,310250947,N
16651,310250990,N
16652,310251069,N
16653,310251287,N
16654,310251467,N
16655,310251588,N
16656,310251649,Y
16657,310251869,N
16658,310251882,N
16659,310252067,N
16660,310252268,N
16661,310252368,N
16662,310252449,Y
16663,310252627,N
16664,310252827,N
16665,310252887,N
16666,310252930,N
16667,310253090,N
16668,310253091,N
16669,310253109,Y
16670,310253267,Y
16671,310253607,N
16672,310253689,Y
16673,310254347,N
16674,310254528,N
16675,310254627,N
16676,310254867,N
16677,310255027,N
16678,310255090,N
16679,310255128,N
16680,310255129,N
16681,310255188,N
16682,310255447,Y
16683,310255769,N
16684,310255787,Y
16685,310256287,Y
16686,310256628,N
16687,310256828,N
16688,310257007,N
16689,310257108,N
16690,310257207,N
16691,310257268,N
16692,310257375,N
16693,310257528,N
16694,310257587,Y
16695,310257727,N
16696,310257967,N
16697,310258052,N
16698,310258061,N
16699,310258127,N
16700,310258208,N
16701,310258527,N
16702,310258687,N
16703,310258847,N
16704,310259247,N
16705,310259248,N
16706,310259467,N
16707,310259468,N
16708,310259469,N
16709,310259587,N
16710,310259927,N
16711,310259949,Y
16712,310260189,N
16713,310260327,N
16714,310260347,N
16715,310260687,Y
16716,310260747,N
16717,310260847,Y
16718,310260889,Y
16719,310260968,Y
16720,310261008,N
16721,310261088,N
16722,310261168,N
16723,310261207,N
16724,310261208,N
16725,310261327,N
16726,310261467,N
16727,310261547,N
16728,310261867,N
16729,310262128,N
16730,310262147,N
16731,310262187,N
16732,310262467,N
16733,310262487,N
16734,310262587,N
16735,310262868,N
16736,310262887,N
16737,310262907,N
16738,310263248,N
16739,310263527,N
16740,310263551,N
16741,310263628,Y
16742,310263647,Y
16743,310263887,N
16744,310263907,N
16745,310264687,N
16746,310264871,N
16747,310264891,N
16748,310264947,N
16749,310265008,N
16750,310265147,N
16751,310265747,N
16752,310265887,N
16753,310266011,N
16754,310266050,N
16755,310266109,N
16756,310266152,Y
16757,310266159,N
16758,310266387,N
16759,310266390,N
16760,310266397,N
16761,310266423,N
16762,310266425,N
16763,310266668,N
16764,310266787,N
16765,310267088,N
16766,310267108,N
16767,310267247,N
16768,310267291,N
16769,310267507,N
16770,310267587,N
16771,310267668,N
16772,310267687,N
16773,310268007,N
16774,310268087,N
16775,310268328,N
16776,310268487,N
16777,310268488,N
16778,310268731,N
16779,310268760,N
16780,310268908,Y
16781,310268919,N
16782,310268926,N
16783,310268950,N
16784,310268967,N
16785,310268987,N
16786,310269087,N
16787,310269154,N
16788,310269227,N
16789,310269288,N
16790,310269447,N
16791,310269547,N
16792,310269770,N
16793,310269927,N
16794,310269947,N
16795,310270607,N
16796,310270969,N
16797,310271088,N
16798,310271287,N
16799,310271369,Y
16800,310271487,N
16801,310271888,N
16802,310271987,N
16803,310272008,N
16804,310272167,N
16805,310272287,N
16806,310272868,N
16807,310273307,N
16808,310273587,N
16809,310273647,N
16810,310274187,Y
16811,310274407,N
16812,310274527,N
16813,310274607,N
16814,310275387,N
16815,310275527,N
16816,310275567,N
16817,310275587,N
16818,310275967,N
16819,310275968,N
16820,310275987,N
16821,310276027,N
16822,310276167,N
16823,310276269,N
16824,310276270,N
16825,310276750,N
16826,310276767,N
16827,310276947,N
16828,310277147,N
16829,310277167,N
16830,310277248,N
16831,310277707,Y
16832,310277936,Y
16833,310277969,N
16834,310278029,N
16835,310278228,Y
16836,310278248,N
16837,310278268,N
16838,310278468,N
16839,310278608,N
16840,310278649,N
16841,310278749,N
16842,310279169,N
16843,310279170,N
16844,310279429,N
16845,310279729,N
16846,310279849,N
16847,310280448,N
16848,310280568,N
16849,310280569,N
16850,310280688,N
16851,310280749,N
16852,310281209,N
16853,310281388,N
16854,310281389,N
16855,310281851,N
16856,310282248,N
16857,310282270,N
16858,310282648,N
16859,310282948,N
16860,310283228,N
16861,310283849,N
16862,310283854,N
16863,310283910,N
16864,310284009,N
16865,310284088,N
16866,310284148,N
16867,310284208,N
16868,310284368,N
16869,310284373,N
16870,310284708,N
16871,310284709,N
16872,310284711,N
16873,310284750,N
16874,310284768,N
16875,310284769,N
16876,310284829,N
16877,310284849,N
16878,310285069,N
16879,310285089,N
16880,310285230,N
16881,310285268,N
16882,310285374,N
16883,310285408,N
16884,310285629,N
16885,310285769,N
16886,310285851,N
16887,310286308,N
16888,310286328,N
16889,310286330,N
16890,310286390,N
16891,310286470,N
16892,310286497,N
16893,310286608,N
16894,310287108,N
16895,310287130,N
16896,310287370,N
16897,310287630,Y
16898,310287688,N
16899,310287708,N
16900,310287969,N
16901,310288108,N
16902,310288169,N
16903,310288368,N
16904,310288528,N
16905,310288668,N
16906,310288729,N
16907,310288748,N
16908,310288948,N
16909,310289309,N
16910,310289389,N
16911,310289669,N
16912,310289908,N
16913,310290035,N
16914,310290081,N
16915,310290129,N
16916,310290188,N
16917,310290228,N
16918,310290269,N
16919,310290288,N
16920,310290312,N
16921,310290371,N
16922,310290537,N
16923,310290729,N
16924,310290808,N
16925,310290888,N
16926,310291408,N
16927,310291608,N
16928,310291691,N
16929,310291768,N
16930,310292028,N
16931,310292128,N
16932,310292348,N
16933,310292410,N
16934,310292449,N
16935,310292553,N
16936,310293148,N
16937,310293208,N
16938,310293510,N
16939,310293588,N
16940,310294068,N
16941,310294149,N
16942,310294328,N
16943,310294408,N
16944,310294469,N
16945,310294488,N
16946,310294490,N
16947,310294850,Y
16948,310294928,N
16949,310295089,N
16950,310295109,N
16951,310295209,N
16952,310295289,N
16953,310295428,N
16954,310295589,N
16955,310295668,Y
16956,310295812,N
16957,310296108,N
16958,310296391,N
16959,310296408,N
16960,310296591,N
16961,310296668,Y
16962,310296688,N
16963,310296908,N
16964,310296909,N
16965,310296949,N
16966,310297468,Y
16967,310297628,N
16968,310297869,N
16969,310297988,N
16970,310298071,N
16971,310298149,N
16972,310298168,N
16973,310298188,N
16974,310298208,N
16975,310298388,N
16976,310298531,N
16977,310298609,N
16978,310298896,N
16979,310298899,N
16980,310299228,N
16981,310299388,N
16982,310299568,N
16983,310299833,N
16984,310299848,N
16985,310299949,N
16986,310300028,N
16987,310300089,N
16988,310300168,N
16989,310300248,N
16990,310300288,N
16991,310300308,N
16992,310300408,N
16993,310300468,N
16994,310300528,N
16995,310300689,Y
16996,310301028,N
16997,310301108,N
16998,310301268,N
16999,310301389,N
17000,310301511,N
17001,310301550,N
17002,310301729,N
17003,310301730,N
17004,310301768,N
17005,310302108,N
17006,310302129,N
17007,310302149,N
17008,310302488,N
17009,310302731,N
17010,310302870,N
17011,310302909,N
17012,310303009,N
17013,310303189,N
17014,310303268,N
17015,310303328,N
17016,310303669,N
17017,310303708,N
17018,310303888,N
17019,310304128,N
17020,310304148,N
17021,310304193,N
17022,310304209,N
17023,310304210,N
17024,310304253,N
17025,310304290,N
17026,310304309,N
17027,310304349,N
17028,310304371,N
17029,310304549,N
17030,310304771,N
17031,310305010,N
17032,310305069,N
17033,310305169,N
17034,310305669,N
17035,310305909,Y
17036,310306290,N
17037,310307510,N
17038,310307710,N
17039,310307810,N
17040,310308049,N
17041,310308449,N
17042,310308771,N
17043,310309269,Y
17044,310309429,N
17045,310309449,Y
17046,310309769,N
17047,310309889,N
17048,310310050,N
17049,310310209,N
17050,310310369,N
17051,310310950,N
17052,310311672,N
17053,310311690,N
17054,310311869,N
17055,310312009,N
17056,310312150,N
17057,310312989,N
17058,310313190,N
17059,310313429,N
17060,310313489,N
17061,310313529,N
17062,310313989,N
17063,310314391,N
17064,310314395,N
17065,310315111,N
17066,310315390,N
17067,310315409,N
17068,310315489,N
17069,310315650,N
17070,310315869,N
17071,310315889,N
17072,310316130,N
17073,310316249,N
17074,310316329,Y
17075,310316553,N
17076,310316729,Y
17077,310316929,N
17078,310317049,N
17079,310317169,N
17080,310317229,N
17081,310317309,N
17082,310318190,N
17083,310318589,N
17084,310318610,N
17085,310318650,N
17086,310319270,N
17087,310319329,N
17088,310319572,N
17089,310319751,N
17090,310320195,N
17091,310320529,N
17092,310320549,N
17093,310320949,N
17094,310320990,N
17095,310321269,N
17096,310321469,N
17097,310321470,N
17098,310321850,N
17099,310322349,N
17100,310322391,N
17101,310322569,N
17102,310322769,N
17103,310322869,N
17104,310322930,N
17105,310323089,N
17106,310323116,N
17107,310323151,N
17108,310323329,Y
17109,310323369,N
17110,310323449,N
17111,310323730,N
17112,310323750,N
17113,310324009,N
17114,310324490,N
17115,310324773,N
17116,310325210,Y
17117,310325310,N
17118,310325691,N
17119,310325930,N
17120,310326009,N
17121,310326150,Y
17122,310326249,N
17123,310326611,N
17124,310326909,N
17125,310327289,N
17126,310327471,N
17127,310327531,N
17128,310327669,N
17129,310328690,N
17130,310330049,Y
17131,310330070,N
17132,310330449,N
17133,310330649,N
17134,310330749,N
17135,310330930,Y
17136,310331391,N
17137,310331471,N
17138,310332009,N
17139,310332970,N
17140,310333009,N
17141,310333069,N
17142,310333151,N
17143,310333511,N
17144,310333791,N
17145,310334049,N
17146,310334173,N
17147,310334372,N
17148,310334450,N
17149,310334610,N
17150,310334990,N
17151,310335310,N
17152,310335311,N
17153,310335713,N
17154,310335950,N
17155,310336071,N
17156,310336650,N
17157,310337430,N
17158,310338470,N
17159,310338630,N
17160,310338870,N
17161,310338950,N
17162,310339292,N
17163,310339330,N
17164,310339490,N
17165,310339891,N
17166,310340370,N
17167,310340510,N
17168,310340670,N
17169,310340810,N
17170,310340811,Y
17171,310340915,N
17172,310341130,N
17173,310341150,N
17174,310341151,N
17175,310341191,Y
17176,310341471,N
17177,310341531,N
17178,310341610,N
17179,310341691,N
17180,310341893,N
17181,310342072,N
17182,310342133,N
17183,310342490,N
17184,310342591,N
17185,310342790,N
17186,310342890,N
17187,310342971,N
17188,310343070,N
17189,310343450,N
17190,310343534,N
17191,310343570,N
17192,310343710,N
17193,310343771,N
17194,310343910,N
17195,310343950,N
17196,310344039,N
17197,310344151,N
17198,310344377,N
17199,310344432,N
17200,310344453,N
17201,310344911,N
17202,310344990,N
17203,310345130,N
17204,310345272,Y
17205,310345390,N
17206,310345391,N
17207,310345571,N
17208,310345710,N
17209,310345790,N
17210,310345832,N
17211,310346393,N
17212,310346730,N
17213,310346872,N
17214,310346930,N
17215,310347351,N
17216,310347650,N
17217,310347790,N
17218,310347850,N
17219,310348050,N
17220,310348091,N
17221,310348350,N
17222,310348913,N
17223,310348914,Y
17224,310348990,N
17225,310349010,N
17226,310349090,N
17227,310349111,N
17228,310349250,N
17229,310349254,N
17230,310349490,N
17231,310349590,N
17232,310350032,N
17233,310350110,Y
17234,310350111,N
17235,310350151,N
17236,310351035,N
17237,310351152,N
17238,310351270,N
17239,310351493,N
17240,310351572,N
17241,310351573,N
17242,310351710,N
17243,310352070,N
17244,310352074,N
17245,310352291,N
17246,310352511,N
17247,310352590,N
17248,310352750,N
17249,310352870,N
17250,310352972,N
17251,310353213,N
17252,310353390,N
17253,310353430,N
17254,310353891,N
17255,310353893,N
17256,310354150,N
17257,310354190,N
17258,310354213,N
17259,310354390,N
17260,310354612,N
17261,310354730,N
17262,310354731,N
17263,310354770,N
17264,310354790,N
17265,310355051,N
17266,310355150,N
17267,310355210,N
17268,310355272,N
17269,310355273,N
17270,310355274,N
17271,310355370,N
17272,310355810,N
17273,310356051,N
17274,310356150,Y
17275,310356255,N
17276,310356450,N
17277,310356550,N
17278,310356790,N
17279,310356951,N
17280,310356970,N
17281,310357231,Y
17282,310357391,N
17283,310357430,N
17284,310357491,N
17285,310357570,N
17286,310357730,N
17287,310357791,N
17288,310358230,N
17289,310358370,N
17290,310358371,N
17291,310358411,N
17292,310358430,N
17293,310358751,N
17294,310358890,N
17295,310358930,N
17296,310359453,N
17297,310359790,N
17298,310360030,N
17299,310360110,N
17300,310360210,N
17301,310360290,N
17302,310360392,N
17303,310360570,N
17304,310360635,N
17305,310360670,N
17306,310360731,N
17307,310360830,N
17308,310360990,N
17309,310361013,N
17310,310361150,N
17311,310361370,N
17312,310361712,N
17313,310361730,N
17314,310361892,N
17315,310362110,N
17316,310362330,N
17317,310362336,N
17318,310362350,N
17319,310362370,N
17320,310362630,N
17321,310362712,N
17322,310363211,N
17323,310363330,N
17324,310363331,N
17325,310363392,N
17326,310363393,N
17327,310363453,N
17328,310363670,N
17329,310364130,N
17330,310364171,N
17331,310364271,N
17332,310364292,N
17333,310364311,N
17334,310364551,N
17335,310364610,N
17336,310364730,N
17337,310364792,N
17338,310364830,N
17339,310364910,N
17340,310365131,N
17341,310365212,N
17342,310365332,N
17343,310365671,Y
17344,310365951,N
17345,310366032,N
17346,310366110,N
17347,310366371,N
17348,310366394,N
17349,310366490,N
17350,310366533,N
17351,310366534,N
17352,310366650,N
17353,310366670,N
17354,310366750,N
17355,310367091,N
17356,310367371,N
17357,310367450,N
17358,310367510,N
17359,310367710,N
17360,310367750,N
17361,310367852,N
17362,310368333,N
17363,310368670,N
17364,310368690,N
17365,310368791,N
17366,310369311,N
17367,310369673,N
17368,310370213,N
17369,310370351,N
17370,310371032,N
17371,310371231,N
17372,310371631,N
17373,310371912,N
17374,310372032,N
17375,310372231,N
17376,310372232,N
17377,310372351,N
17378,310372459,N
17379,310372593,N
17380,310372671,N
17381,310372731,N
17382,310372772,N
17383,310372931,N
17384,310372933,N
17385,310373153,N
17386,310373318,N
17387,310373373,N
17388,310373771,N
17389,310373831,N
17390,310373931,N
17391,310373973,N
17392,310374231,N
17393,310374271,N
17394,310374351,N
17395,310374391,N
17396,310374571,N
17397,310374592,N
17398,310374611,N
17399,310374752,N
17400,310374756,N
17401,310375093,N
17402,310375151,N
17403,310375191,N
17404,310375412,N
17405,310376071,N
17406,310376354,N
17407,310376592,N
17408,310376594,N
17409,310376652,Y
17410,310376731,N
17411,310376811,N
17412,310376971,Y
17413,310377071,N
17414,310377372,N
17415,310377412,N
17416,310377414,N
17417,310377651,N
17418,310377751,N
17419,310377796,N
17420,310377811,N
17421,310377833,Y
17422,310377932,N
17423,310378071,N
17424,310378472,N
17425,310378611,N
17426,310378631,N
17427,310378632,N
17428,310378793,N
17429,310378852,N
17430,310378951,N
17431,310379051,N
17432,310379113,N
17433,310379611,N
17434,310379712,N
17435,310379772,N
17436,310379951,N
17437,310379952,N
17438,310380131,N
17439,310380273,N
17440,310380331,N
17441,310380492,N
17442,310380531,N
17443,310380855,N
17444,310380951,N
17445,310381032,N
17446,310381115,N
17447,310381194,N
17448,310381211,N
17449,310381235,N
17450,310381351,N
17451,310381451,N
17452,310381471,Y
17453,310381631,N
17454,310381692,N
17455,310381711,N
17456,310381814,N
17457,310381931,N
17458,310382216,N
17459,310382218,N
17460,310382291,N
17461,310382311,Y
17462,310382351,N
17463,310382371,N
17464,310382431,N
17465,310382451,N
17466,310382691,N
17467,310382793,N
17468,310382954,N
17469,310382971,N
17470,310383311,N
17471,310383331,N
17472,310383691,N
17473,310383731,N
17474,310383732,N
17475,310383931,N
17476,310384031,N
17477,310384097,N
17478,310384191,N
17479,310384193,N
17480,310384194,N
17481,310384352,N
17482,310384371,N
17483,310384431,N
17484,310384455,N
17485,310384911,N
17486,310385472,N
17487,310385551,N
17488,310385632,N
17489,310385692,N
17490,310385796,N
17491,310386192,N
17492,310386331,N
17493,310386473,N
17494,310386531,N
17495,310386551,N
17496,310386611,N
17497,310386831,N
17498,310386971,N
17499,310387012,N
17500,310387051,N
17501,310387072,N
17502,310387234,N
17503,310387313,N
17504,310387315,N
17505,310387354,Y
17506,310387412,N
17507,310387472,N
17508,310387512,N
17509,310387672,N
17510,310387711,N
17511,310387992,N
17512,310387993,N
17513,310388111,N
17514,310388155,N
17515,310388174,N
17516,310388334,N
17517,310388371,N
17518,310388451,N
17519,310388635,N
17520,310388655,N
17521,310388691,N
17522,310388815,N
17523,310388891,N
17524,310388971,N
17525,310388973,N
17526,310389074,N
17527,310389091,N
17528,310389231,N
17529,310389232,N
17530,310389271,N
17531,310389311,N
17532,310389356,N
17533,310389459,N
17534,310389497,N
17535,310389692,N
17536,310389771,Y
17537,310389851,N
17538,310389853,N
17539,310389854,Y
17540,310389973,N
17541,310389974,N
17542,310389993,N
17543,310390032,N
17544,310390072,Y
17545,310390091,N
17546,310390193,N
17547,310390271,N
17548,310390292,N
17549,310390311,N
17550,310390573,N
17551,310390651,N
17552,310390655,N
17553,310391114,N
17554,310391134,N
17555,310391253,N
17556,310391258,N
17557,310391331,N
17558,310391453,N
17559,310391474,N
17560,310391851,N
17561,310391892,N
17562,310391952,N
17563,310392072,N
17564,310392111,N
17565,310392292,N
17566,310392431,N
17567,310392552,Y
17568,310392592,N
17569,310392633,N
17570,310392712,N
17571,310392814,N
17572,310392891,N
17573,310392971,N
17574,310393013,N
17575,310393318,N
17576,310393319,N
17577,310393332,N
17578,310393334,N
17579,310393473,N
17580,310393531,N
17581,310393631,N
17582,310393731,N
17583,310393732,N
17584,310393776,N
17585,310393832,N
17586,310393911,N
17587,310393951,N
17588,310394011,N
17589,310394040,N
17590,310394272,N
17591,310394291,N
17592,310394351,Y
17593,310394373,N
17594,310394412,N
17595,310394511,N
17596,310394711,N
17597,310394893,N
17598,310394911,N
17599,310395091,N
17600,310395092,N
17601,310395682,N
17602,310395771,N
17603,310395891,N
17604,310395932,N
17605,310396532,N
17606,310396534,N
17607,310396651,N
17608,310396914,N
17609,310397036,N
17610,310397062,N
17611,337200000,N
17612,788080000,N
17613,1013400005,N
17614,1041200005,Y
17615,2732500000,N
17616,3095400002,N
17617,3933400008,N
17618,4275100008,N
17619,4279850004,N
17620,4468100005,N
17621,5071550007,N
17622,5084950004,N
17623,5635300006,N
17624,8000044175,N
17625,8000151574,N
17626,8000152218,N
17627,8000195936,N
17628,8000223597,N
17629,8000322084,N
17630,8000513120,N
17631,8000521560,Y
17632,8000653058,N
17633,8000690480,N
17634,8000891914,N
17635,8000893738,N
17636,8001051757,N
17637,8001125478,N
17638,8001158289,N
17639,8001249633,N
17640,8001251829,N
17641,8001274300,N
17642,8001352940,N
17643,8001356370,N
17644,8001447039,N
17645,8001651556,N
17646,8001690661,N
17647,8001702458,N
17648,8001711475,N
17649,8001748279,N
17650,8001890345,N
17651,8001929432,N
17652,8001979460,N
17653,8002046210,N
17654,8002070525,N
17655,8002151523,N
17656,8002156787,N
17657,8002191974,N
17658,8002235821,N
17659,8002273442,N
17660,8002334525,N
17661,8002359225,N
17662,8002361346,N
17663,8002465196,N
17664,8002507146,N
17665,8002512716,N
17666,8002594144,N
17667,8002644501,N
17668,8002657263,N
17669,8002757436,N
17670,8002820754,N
17671,8002947516,N
17672,8003031542,N
17673,8003065805,N
17674,8003139642,Y
17675,8003347567,N
17676,8003370478,N
17677,8003435578,N
17678,8003504258,N
17679,8003536946,N
17680,8003585950,N
17681,8003609834,N
17682,8003638478,N
17683,8003640102,N
17684,8003759357,N
17685,8003812479,N
17686,8003849232,N
17687,8003946269,N
17688,8003948182,N
17689,8004022276,N
17690,8004227610,N
17691,8004230465,N
17692,8004247881,N
17693,8004334267,N
17694,8004345842,N
17695,8004349422,Y
17696,8004379577,N
17697,8004406453,N
17698,8004427467,N
17699,8004435015,N
17700,8004458231,N
17701,8004531540,N
17702,8004659713,N
17703,8004700830,N
17704,8004751395,N
17705,8004783745,N
17706,8004795855,N
17707,8004800705,N
17708,8004854272,N
17709,8004896323,N
17710,8004930809,N
17711,8004953264,N
17712,8005007169,N
17713,8005013654,N
17714,8005030682,N
17715,8005073823,N
17716,8005089480,N
17717,8005092302,N
17718,8005132462,N
17719,8005151793,N
17720,8005192615,N
17721,8005215903,N
17722,8005233641,N
17723,8005261865,N
17724,8005272730,N
17725,8005304475,N
17726,8005329571,N
17727,8005341634,N
17728,8005481596,N
17729,8005488385,N
17730,8005499440,N
17731,8005517332,N
17732,8005542215,N
17733,8005560217,N
17734,8005576445,N
17735,8005590255,N
17736,8005605285,N
17737,8005611853,N
17738,8005697696,N
17739,8005714954,N
17740,8005803229,N
17741,8005803328,N
17742,8005809200,N
17743,8005812444,N
17744,8005823060,N
17745,8005825388,N
17746,8005911394,N
17747,8005953826,N
17748,8005960375,Y
17749,8006049426,N
17750,8006079704,N
17751,8006097037,N
17752,8006099868,N
17753,8006188117,N
17754,8006220209,N
17755,8006348778,N
17756,9000492497,Y
17757,9000514860,N
17758,9000566357,N
17759,9000736885,Y
17760,9000776873,N
17761,9000784372,Y
17762,9001073627,N
17763,9001306977,N
17764,9001333484,N
17765,9001737395,N
17766,9001949792,N
17767,9002362904,N
17768,9002400084,N
17769,9002408228,N
17770,9002594332,N
17771,9002625367,N
17772,9002630870,N
17773,9002745249,N
17774,9002772581,N
17775,9003138980,N
17776,9003425668,N
17777,9003464774,N
17778,9100033776,N
17779,9100035687,N
17780,9100053856,N
17781,9100056057,N
17782,9100059280,N
17783,9100078238,N
17784,9100078512,N
17785,9100081296,N
17786,9100081810,Y
17787,9100087617,N
17788,9100102451,N
17789,9100105852,Y
17790,9100110072,N
17791,9100110795,N
17792,9100114706,N
17793,9100116719,N
17794,9100119670,N
17795,9100122502,N
17796,9100128077,N
17797,9100130009,N
17798,9100142210,N
17799,9100142709,N
17800,9100146657,N
17801,9100149605,N
17802,9100150115,Y
17803,9100150572,N
17804,9100158847,N
17805,9100159298,N
17806,9100159370,Y
17807,9100163833,N
17808,9100168161,N
17809,9100170899,N
17810,9100177825,N
17811,9100177877,N
17812,9100181130,N
17813,9100186392,N
17814,9100196471,N
17815,9100200502,N
17816,9100204912,N
17817,9100206872,N
17818,9100210521,N
17819,9100213663,N
17820,9100218947,N
17821,9100223604,N
17822,9100227994,N
17823,9100231026,N
17824,9100249784,N
17825,9100251355,N
17826,9100258394,N
17827,9100259113,N
17828,9100259610,Y
17829,9100261212,N
17830,9100264063,N
17831,9100266527,N
17832,9100269771,N
17833,9100272765,N
17834,9100273140,N
17835,9100275662,N
17836,9100286618,N
17837,9100291723,N
17838,9100299114,N
17839,9100299599,N
17840,9100301838,N
17841,9100306986,N
17842,9100308481,N
17843,9100313099,Y
17844,9100314116,N
17845,9100320055,N
17846,9100321173,N
17847,9100323397,N
17848,9100335994,N
17849,9100341450,N
17850,9100349420,N
17851,9100357144,N
17852,9100358175,N
17853,9100361108,N
17854,9100368839,N
17855,9100369318,N
17856,9100372432,N
17857,9100394454,N
17858,9100400871,Y
17859,9100401554,N
17860,9100402421,N
17861,9100404113,N
17862,9100409476,N
17863,9100412370,N
17864,9100415863,N
17865,9100415959,N
17866,9100416938,N
17867,9100420956,N
17868,9100423878,N
17869,9100429847,N
17870,9100431686,N
17871,9100449073,N
17872,9100452874,N
17873,9100455172,N
17874,9100455873,N
17875,9100456675,N
17876,9100460895,N
17877,9100460899,N
17878,9100464389,N
17879,9100465593,N
17880,9100465751,N
17881,9100466557,N
17882,9100470832,N
17883,9100473300,N
17884,9100473936,N
17885,9100474843,N
17886,9100477584,Y
17887,9100485983,N
17888,9100492186,N
17889,9100492687,N
17890,9100493537,N
17891,9100495286,N
17892,9100504351,N
17893,9100507321,N
17894,9100507692,N
17895,9100511433,N
17896,9100513678,N
17897,9100513776,N
17898,9100515868,N
17899,9100516648,N
17900,9100520269,N
17901,9100523998,N
17902,9100524789,N
17903,9100526040,N
17904,9100527068,N
17905,9100528179,N
17906,9100529711,N
17907,9100531188,N
17908,9100533249,N
17909,9100534797,N
17910,9100539070,N
17911,9100542145,N
17912,9100544114,N
17913,9100544356,N
17914,9100546121,N
17915,9100554185,N
17916,9100559395,N
17917,9100561358,N
17918,9100564300,N
17919,9100564996,N
17920,9100565271,Y
17921,9100566871,Y
17922,9100567647,N
17923,9100568065,N
17924,9100583173,N
17925,9100588137,N
17926,9100588913,N
17927,9100592006,N
17928,9100592671,N
17929,9100595870,N
17930,9100602485,Y
17931,9100604784,N
17932,9100608956,N
17933,9100619712,N
17934,9100622999,N
17935,9100626834,N
17936,9100629641,N
17937,9100630743,N
17938,9100631906,N
17939,9100642786,N
17940,9100644461,N
17941,9100649825,N
17942,9100651658,N
17943,9100660889,N
17944,9100665157,N
17945,9100669203,N
17946,9100671341,N
17947,9100675567,N
17948,9100676739,N
17949,9100682601,N
17950,9100699474,N
17951,9100702182,N
17952,9100703187,N
17953,9100703947,N
17954,9100708134,N
17955,9100708213,N
17956,9100710964,N
17957,9100724293,N
17958,9100727037,N
17959,9100727172,N
17960,9100727229,N
17961,9100727279,N
17962,9100737854,N
17963,9100739253,N
17964,9100740118,N
17965,9100743358,N
17966,9100746693,Y
17967,9100747266,N
17968,9100747592,N
17969,9100751114,N
17970,9100755254,N
17971,9100757384,N
17972,9100761426,N
17973,9100765888,N
17974,9100767152,N
17975,9100767938,N
17976,9100772510,N
17977,9100775124,N
17978,9100781744,N
17979,9100784350,N
17980,9100787386,N
17981,9100791675,N
17982,9100799923,Y
17983,9100804100,N
17984,9100805454,N
17985,9100807285,N
17986,9100810026,N
17987,9100810584,N
17988,9100812790,N
17989,9100814094,Y
17990,9100817894,N
17991,9100818540,N
17992,9100819050,N
17993,9100820901,N
17994,9100821176,N
17995,9100825751,N
17996,9100826060,N
17997,9100826943,N
17998,9100827881,N
17999,9100831879,Y
18000,9100835703,N
18001,9100840525,N
18002,9100841649,N
18003,9100845590,N
18004,9100846033,N
18005,9100846848,N
18006,9100849588,Y
18007,9100850836,N
18008,9100852129,N
18009,9100854711,N
18010,9100856049,N
18011,9100860375,N
18012,9100862009,N
18013,9100867316,N
18014,9100868652,N
18015,9100868669,N
18016,9100871534,N
18017,9100873467,N
18018,9100876492,N
18019,9100876987,N
18020,9100877431,N
18021,9100877449,N
18022,9100885730,N
18023,9100887579,N
18024,9100888349,N
18025,9100889224,N
18026,9100892969,Y
18027,9100894538,N
18028,9100895196,N
18029,9100895207,Y
18030,9100901474,N
18031,9200001864,N
18032,9200004553,N
18033,9200009512,N
18034,9200010001,N
18035,9200010188,N
18036,9200011597,N
18037,9200023603,N
18038,9200031953,N
18039,9200034230,N
18040,9200038178,N
18041,9200039097,N
18042,9200040520,N
18043,9200046671,N
18044,9200059337,N
18045,9200084760,N
18046,9200090636,N
18047,9200090930,Y
18048,9200092557,N
18049,9200092963,Y
18050,9200098153,N
18051,9200098631,N
18052,9200099995,N
18053,9200106232,N
18054,9200113752,N
18055,9200114132,N
18056,9200128234,N
18057,9200131493,N
18058,9200134934,N
18059,9200148379,Y
18060,9200154669,Y
18061,9200159951,N
18062,9200166879,N
18063,9200189555,Y
18064,9200198091,N
18065,9200198311,N
18066,9200199033,N
18067,9200202923,N
18068,9200210350,Y
18069,9200213582,N
18070,9200214032,N
18071,9200218481,N
18072,9200218651,N
18073,9200220419,N
18074,9200225805,N
18075,9200240215,N
18076,9200244677,N
18077,9200249458,N
18078,9200250761,N
18079,9200252182,N
18080,9200252190,N
18081,9200253690,N
18082,9200257296,N
18083,9200257458,N
18084,9200262062,N
18085,9200265872,N
18086,9200269752,N
18087,9200273301,N
18088,9200274789,N
18089,9200275226,N
18090,9200277648,N
18091,9400003575,N
18092,9400004186,N
18093,9400005408,N
18094,9400005772,N
18095,9400005933,N
18096,9400006669,N
18097,9400010128,N
18098,9400017129,N
18099,9400017195,Y
18100,9400020884,N
18101,9400022729,N
18102,9400023787,N
18103,9400029019,N
18104,9400031203,N
18105,9400031876,N
18106,9400036264,N
18107,9400039129,N
18108,9400039731,N
18109,9400041066,N
18110,9400041303,N
18111,9400042322,N
18112,9400046788,N
18113,9400051538,N
18114,9400052508,Y
18115,9400062949,N
18116,9400063128,N
18117,9400066346,N
18118,9400067515,N
18119,9400067614,N
18120,9400071982,N
18121,9400072262,Y
18122,9400072583,N
18123,9400084787,N
18124,9400085049,N
18125,9400088125,N
18126,9400104401,Y
18127,9400106100,N
18128,9400106702,N
18129,9400114945,N
18130,9400119348,N
18131,9400123713,N
18132,9400124778,N
18133,9400126971,N
18134,9400130138,N
18135,9400131538,N
18136,9400132488,N
18137,9400142118,N
18138,9400143052,N
18139,9400143968,N
18140,9400160080,N
18141,9400179330,N
18142,9400180528,N
18143,9400182970,N
18144,9400185648,N
18145,9400194407,N
18146,9400194431,N
18147,9400222348,N
18148,9400225452,N
18149,9400243280,N
18150,9400245169,N
18151,9400258813,N
18152,9400262853,N
18153,9400262868,N
18154,9400277194,N
18155,9400286311,N
18156,9400290670,N
18157,9400293972,N
18158,9400304464,N
18159,9400310495,N
18160,9400320599,N
18161,9400328212,Y
18162,9400329487,N
18163,9400338854,N
18164,9400359206,Y
18165,9400361213,Y
18166,9400363019,N
18167,9400364859,N
18168,9400373662,N
18169,9400383583,N
18170,9400387784,N
18171,9400395453,N
18172,9400395699,N
18173,9400414084,N
18174,9400431825,N
18175,9400437540,N
18176,9400449933,Y
18177,9400451836,N
18178,9400451935,N
18179,9400456210,N
18180,9400458970,Y
18181,9400477570,N
18182,9400478158,N
18183,9400479152,N
18184,9400482509,N
18185,9400487510,N
18186,9400492833,N
18187,9400502712,N
18188,9400505267,N
18189,9400507755,N
18190,9400509403,N
18191,9400514742,N
18192,9400516261,N
18193,9400531090,Y
18194,9400532022,N
18195,9400535752,N
18196,9400540436,N
18197,9400545574,N
18198,9400545786,N
18199,9400546519,N
18200,9400551090,N
18201,9400551731,N
18202,9400552324,N
18203,9400554486,N
18204,9400556393,N
18205,9400558079,N
18206,9400558642,N
18207,9400560284,N
18208,9400562056,N
18209,9400570211,N
18210,9400570929,N
18211,9400573365,N
18212,9400575998,N
18213,9400576119,N
18214,9400581377,N
18215,9400582286,N
18216,9400582853,N
18217,9400584387,N
18218,9400584650,N
18219,9400590708,N
18220,9400590963,N
18221,9400593825,N
18222,9400594151,N
18223,9400595568,N
18224,9400595717,N
18225,9400599977,N
18226,9400601304,N
18227,9400602263,N
18228,9400604966,Y
18229,9400606519,N
18230,9400613599,N
18231,9400616540,N
18232,9400618116,N
18233,9400621109,N
18234,9400621703,N
18235,9400621715,N
18236,9400622985,N
18237,9400623358,N
18238,9400624716,N
18239,9400624838,Y
18240,9400629549,N
18241,9400633052,N
18242,9400634637,N
18243,9400637777,Y
18244,9400638261,N
18245,9400641457,N
18246,9400642135,N
18247,9400642311,N
18248,9400643597,N
18249,9400646345,N
18250,9400647358,Y
18251,9400655225,N
18252,9400658560,N
18253,9400658744,N
18254,9400659531,N
18255,9400661677,N
18256,9400664841,N
18257,9400665328,N
18258,9400665378,N
18259,9400667789,N
18260,9400668903,N
18261,9400670208,Y
18262,9400670416,N
18263,9400671786,N
18264,9400672441,Y
18265,9400674814,N
18266,9400675695,N
18267,9400676419,N
18268,9400680643,Y
18269,9400681056,Y
18270,9400682040,N
18271,9400683990,N
18272,9400687738,N
18273,9400690663,N
18274,9400692411,N
18275,9400693462,N
18276,9400694200,N
18277,9400694601,Y
18278,9400695697,N
18279,9400699786,N
18280,9400701953,N
18281,9400702019,N
18282,9400702051,Y
18283,9400706640,N
18284,9400707351,N
18285,9400710298,N
18286,9400712093,N
18287,9400714034,Y
18288,9400714874,N
18289,9400715147,N
18290,9400716576,N
18291,9400720168,N
18292,9400721043,N
18293,9400725446,N
18294,9400725598,N
18295,9400727210,N
18296,9400727442,N
18297,9400728250,N
18298,9400730903,N
18299,9400731382,N
18300,9400733487,N
18301,9400733493,N
18302,9400733879,N
18303,9400735963,N
18304,9400740346,N
18305,9400743371,Y
18306,9400749261,N
18307,9400751580,Y
18308,9400753358,N
18309,9400754551,N
18310,9400758505,N
18311,9400761997,N
18312,9400764546,N
18313,9400766928,N
18314,9400768514,N
18315,9400768712,N
18316,9400770268,N
18317,9400772571,N
18318,9400772674,N
18319,9400772781,Y
18320,9400775286,N
18321,9400776623,Y
18322,9400780505,N
18323,9400781834,N
18324,9400783470,N
18325,9400785192,N
18326,9400786597,N
18327,9400786903,N
18328,9400787642,N
18329,9400787813,N
18330,9400788324,N
18331,9400789631,N
18332,9400791529,N
18333,9400793318,N
18334,9400794170,N
18335,9400795446,N
18336,9400795496,N
18337,9400800622,N
18338,9400802680,N
18339,9400821065,N
18340,9400824605,Y
18341,9400825868,N
18342,9400828250,Y
18343,9400830914,N
18344,9400832847,N
18345,9400842728,N
18346,9400847255,N
18347,9400850053,N
18348,9400861544,N
18349,9400864379,N
18350,9400866678,N
18351,9400872230,N
18352,9400872526,N
18353,9400873247,N
18354,9400874425,N
18355,9400874446,N
18356,9400877404,Y
18357,9400878076,N
18358,9400880076,N
18359,9400884353,N
18360,9400887776,N
18361,9400897928,N
18362,9400904993,N
18363,9400905046,N
18364,9400905611,N
18365,9400905907,N
18366,9400906876,N
18367,9400907318,N
18368,9400915703,N
18369,9400918218,Y
18370,9400921329,N
18371,9400923346,N
18372,9400924195,N
18373,9400924482,N
18374,9400929690,N
18375,9400931355,N
18376,9400934168,N
18377,9400936959,N
18378,9400937416,N
18379,9400939778,N
18380,9400940039,Y
18381,9400947318,N
18382,9400948170,N
18383,9400951085,N
18384,9400958067,Y
18385,9400959737,N
18386,9400961585,N
18387,9400962347,Y
18388,9400968841,N
18389,9400970827,N
18390,9400972427,N
18391,9400973194,Y
18392,9400973548,N
18393,9400976169,N
18394,9400977256,N
18395,9400977669,N
18396,9400978796,N
18397,9400985277,N
18398,9400985621,N
18399,9400987164,Y
18400,9400991822,N
18401,9400995976,N
18402,9401001451,N
18403,9401002828,N
18404,9401004308,N
18405,9401007830,N
18406,9401011797,N
18407,9401023404,N
18408,9401023593,Y
18409,9401025075,N
18410,9401029260,N
18411,9401032408,N
18412,9401033458,N
18413,9401034755,N
18414,9401037591,N
18415,9401041015,N
18416,9401041077,N
18417,9401041438,N
18418,9401045920,N
18419,9401046641,N
18420,9401048063,N
18421,9401055195,Y
18422,9401055708,N
18423,9401146445,N
18424,9401147131,Y
18425,9401148725,N
18426,9401149151,Y
18427,9401152231,N
18428,9401156617,N
18429,9401167614,N
18430,9401168875,N
18431,9401171828,N
18432,9401174261,N
18433,9401180715,N
18434,9401184072,N
18435,9401186015,N
18436,9401188756,Y
18437,9401189885,N
18438,9401190678,N
18439,9401193898,N
18440,9401195122,N
18441,9401200351,Y
18442,9401200619,Y
18443,9401201450,N
18444,9401203940,N
18445,9401203947,Y
18446,9401204608,N
18447,9401206543,N
18448,9401209611,N
18449,9401211244,N
18450,9401212873,Y
18451,9401214664,N
18452,9401216160,N
18453,9401220103,N
18454,9401220860,N
18455,9401223306,N
18456,9401225429,N
18457,9401232775,N
18458,9401234174,N
18459,9401234772,N
18460,9401234943,N
18461,9401235579,N
18462,9401240410,N
18463,9401241602,N
18464,9401243150,N
18465,9401243658,Y
18466,9401252066,N
18467,9401254128,N
18468,9401257959,N
18469,9401263673,N
18470,9401264496,N
18471,9401272033,Y
18472,9401273005,N
18473,9401273156,N
18474,9401281176,N
18475,9401289037,N
18476,9401292184,Y
18477,9401294702,N
18478,9401298765,N
18479,9401299947,N
18480,9401300529,N
18481,9401300587,N
18482,9401302433,N
18483,9401304412,N
18484,9401304958,N
18485,9401307332,N
18486,9401309510,N
18487,9401312370,N
18488,9401315195,N
18489,9401316382,N
18490,9401317121,Y
18491,9401318227,N
18492,9401329227,N
18493,9401329518,N
18494,9401334759,N
18495,9401335377,N
18496,9401336297,N
18497,9401347940,N
18498,9401349661,Y
18499,9401349662,N
18500,9401351502,N
18501,9401351986,N
18502,9401352045,N
18503,9401352711,N
18504,9401354455,N
18505,9401355598,N
18506,9401355809,N
18507,9401357715,N
18508,9401359153,N
18509,9401359757,N
18510,9401360864,N
18511,9401362450,N
18512,9401367927,N
18513,9401368891,Y
18514,9401368963,N
18515,9401372624,N
18516,9401378072,N
18517,9401378474,N
18518,9401378527,N
18519,9401385459,N
18520,9401387188,N
18521,9401388539,N
18522,9401390522,N
18523,9401403846,N
18524,9401405788,N
18525,9401406163,N
18526,9401409894,N
18527,9401411090,N
18528,9401412914,N
18529,9401414087,Y
18530,9401415018,Y
18531,9401415745,N
18532,9401422145,N
18533,9401423448,N
18534,9401425738,N
18535,9401426115,N
18536,9401427133,N
18537,9401433629,N
18538,9401434548,N
18539,9401436462,N
18540,9401438713,N
18541,9401441219,N
18542,9401449220,N
18543,9401450466,N
18544,9401456242,N
18545,9401456583,Y
18546,9401457353,N
18547,9401457509,N
18548,9401459234,N
18549,9401459918,N
18550,9401461349,N
18551,9401466478,N
18552,9401467178,N
18553,9401470199,N
18554,9401478240,N
18555,9401478794,N
18556,9401479901,N
18557,9401484675,N
18558,9401485873,N
18559,9401488898,N
18560,9401490651,N
18561,9401491417,N
18562,9401497933,N
18563,9401501008,N
18564,9401502089,N
18565,9401502508,Y
18566,9401502943,N
18567,9401511649,N
18568,9401512277,N
18569,9401514979,N
18570,9401518642,N
18571,9401518645,N
18572,9401521096,Y
18573,9401522994,N
18574,9401523516,N
18575,9401523530,Y
18576,9401523939,N
18577,9401523951,N
18578,9401525183,N
18579,9401527451,N
18580,9401528409,Y
18581,9401529099,N
18582,9401530050,N
18583,9401532245,N
18584,9401534497,Y
18585,9401538533,N
18586,9401541094,N
18587,9401548699,N
18588,9401555637,N
18589,9401558450,N
18590,9401559014,N
18591,9401560656,Y
18592,9401570190,Y
18593,9401572168,N
18594,9401573946,N
18595,9401575614,N
18596,9401576709,N
18597,9401576978,Y
18598,9401577485,N
18599,9401578730,N
18600,9401581749,N
